{
    "metadata": {
        "load_case": "traction_y",
        "steps": 20
    },
    "pda_curve": {
        "damage_volume_pct": [
            0.43042166905798984,
            0.43042166905798984,
            0.43042166905798984,
            0.43042166905798984,
            0.4322426840414938,
            0.4322426840414938,
            0.4322426840414938,
            0.4322426840414938,
            0.4322426840414938,
            0.4322426840414938,
            0.4322426840414938,
            0.4322426840414938,
            0.4322426840414938,
            0.4329870059967187,
            0.4347766998795591,
            0.4347766998795591,
            0.4347766998795591,
            0.4347766998795591,
            0.43644118891907224,
            0.43644118891907224
        ],
        "strain": [
            0.001,
            0.002,
            0.003,
            0.004,
            0.005,
            0.006,
            0.007,
            0.008,
            0.009000000000000001,
            0.01,
            0.011,
            0.012,
            0.013000000000000001,
            0.014,
            0.015,
            0.016,
            0.017,
            0.018000000000000002,
            0.019,
            0.02
        ],
        "stress": [
            5.6008007031386144,
            11.227822813751514,
            16.841734220627224,
            22.455645627503028,
            28.069557034378942,
            33.66201487501206,
            39.272350687514766,
            44.88268650001656,
            50.49302231251964,
            56.10335812502163,
            61.713693937524546,
            67.32402975002412,
            72.93436556252713,
            78.54470137502953,
            84.143447581235,
            89.75650786043818,
            95.36628960171224,
            100.97607134299301,
            106.5858530842691,
            112.17865036243455
        ]
    },
    "results": {
        "peak_step": 20,
        "ultimate_strength": 112.17865036243455
    }
}
